Index,Dato,Øvelse,DagensE1RM,AntalDatoAntalØvelse,ForrigeDato,ForrigeE1RM,Delta,PRTjek,Forrige2E1RM,MomentumBaseline,MomentumDelta,MomentumKey,PRFlag
1,15/12/2025,Squat,126.7,162,0,,,,,,,,SAND
2,15/12/2025,Bænkpres,84.5,,0,,,,,,2.2,1,SAND
3,15/12/2025,Dødløft,143.5,,0,,,,,,23.3,1,SAND
4,17/12/2025,Squat,130.3,,15/12/2025 00.00,126.7,3.7,,,,,,SAND
5,17/12/2025,Bænkpres,85.5,,15/12/2025 00.00,84.5,1.0,,,,-6.1,-1,SAND
6,17/12/2025,Dødløft,146.7,,15/12/2025 00.00,143.5,3.2,,,,-8.7,-1,SAND
7,26/12/2025,Squat,136.0,,17/12/2025 00.00,130.3,5.7,,126.7,128.5,2.0,1,SAND
8,26/12/2025,Bænkpres,90.7,,17/12/2025 00.00,85.5,5.2,,84.5,85.0,,,SAND
9,26/12/2025,Dødløft,152.0,,17/12/2025 00.00,146.7,5.3,,143.5,145.1,0.7,0,SAND
10,30/12/2025 00.00,Squat,138.0,,26/12/2025 00.00,136.0,2.0,,130.3,133.2,,,SAND
11,30/12/2025 00.00,Bænkpres,86.3,,26/12/2025 00.00,90.7,-4.4,,85.5,88.1,8.7,1,FALSK
12,30/12/2025 00.00,Dødløft,148.0,,26/12/2025 00.00,152.0,-4.0,,146.7,149.3,,,FALSK
13,02/01/2026 00.00,Squat,,,30/12/2025 00.00,138.0,,,136.0,137.0,1.0,0,
14,02/01/2026 00.00,Bænkpres,90.7,,30/12/2025 00.00,86.3,4.4,,90.7,88.5,,,FALSK
15,02/01/2026 00.00,Dødløft,173.3,,30/12/2025 00.00,148.0,25.3,PR,152.0,150.0,-3.0,-1,SAND
16,07/01/2026 00.00,Squat,,,02/01/2026 00.00,138.0,,,138.0,138.0,,,
17,07/01/2026 00.00,Bænkpres,82.3,,02/01/2026 00.00,90.7,-8.3,,86.3,88.5,,,FALSK
18,07/01/2026 00.00,Dødløft,152.0,,02/01/2026 00.00,173.3,-21.3,,148.0,160.7,1.5,1,FALSK
19,12/01/2026 00.00,Squat,140.0,,07/01/2026 00.00,138.0,2.0,,138.0,138.0,3.0,1,SAND
20,12/01/2026 00.00,Bænkpres,,,07/01/2026 00.00,82.3,,,90.7,86.5,,,
21,12/01/2026 00.00,Dødløft,163.3,,07/01/2026 00.00,152.0,11.3,,173.3,162.7,-1.8,-1,FALSK
22,14/01/2026 00.00,Squat,,,12/01/2026 00.00,140.0,,,138.0,139.0,2.0,1,
23,14/01/2026 00.00,Bænkpres,91.0,,12/01/2026 00.00,82.3,8.7,,82.3,82.3,,,SAND
24,14/01/2026 00.00,Dødløft,,,12/01/2026 00.00,163.3,,,152.0,157.7,0.3,0,
25,21/01/2026 00.00,Squat,141.0,,14/01/2026 00.00,140.0,1.0,,140.0,140.0,-7.8,-1,SAND
26,21/01/2026 00.00,Bænkpres,,,14/01/2026 00.00,91.0,,,82.3,86.7,,,
27,21/01/2026 00.00,Dødløft,160.3,,14/01/2026 00.00,163.3,-3.0,,163.3,163.3,-27.7,-1,FALSK
28,23/01/2026 00.00,Squat,,,21/01/2026 00.00,141.0,,,140.0,140.5,-13.8,-1,
29,23/01/2026 00.00,Bænkpres,,,21/01/2026 00.00,91.0,,,91.0,91.0,,,
30,23/01/2026 00.00,Dødløft,163.3,,21/01/2026 00.00,160.3,3.0,,163.3,161.8,4.3,1,FALSK
31,28/01/2026 00.00,Squat,144.0,,23/01/2026 00.00,141.0,3.0,,141.0,141.0,11.4,1,SAND
32,28/01/2026 00.00,Bænkpres,,,23/01/2026 00.00,91.0,,,91.0,91.0,-5.0,-1,
33,28/01/2026 00.00,Dødløft,160.0,,23/01/2026 00.00,163.3,-3.3,,160.3,161.8,,,FALSK
34,30/01/2026 00.00,Squat,144.5,,28/01/2026 00.00,144.0,0.5,,141.0,142.5,7.0,1,SAND
35,30/01/2026 00.00,Bænkpres,,,28/01/2026 00.00,91.0,,,91.0,91.0,0.3,0,
36,30/01/2026 00.00,Dødløft,162.0,,28/01/2026 00.00,160.0,2.0,,163.3,161.7,10.0,1,FALSK
37,02/02/2026 00.00,Squat,136.5,,30/01/2026 00.00,144.5,-8.0,,144.0,144.3,-2.4,-1,FALSK
38,02/02/2026 00.00,Bænkpres,,,30/01/2026 00.00,91.0,,,91.0,91.0,4.4,1,
39,02/02/2026 00.00,Dødløft,133.3,,30/01/2026 00.00,162.0,-28.7,,160.0,161.0,,,FALSK
40,06/02/2026 00.00,Squat,126.7,,02/02/2026 00.00,136.5,-9.8,,144.5,140.5,2.1,1,FALSK
41,06/02/2026 00.00,Bænkpres,,,02/02/2026 00.00,91.0,,,91.0,91.0,-0.3,0,
42,06/02/2026 00.00,Dødløft,152.0,,02/02/2026 00.00,133.3,18.7,,162.0,147.7,-8.0,-1,FALSK
43,11/02/2026 00.00,Squat,143.0,,06/02/2026 00.00,126.7,16.3,,136.5,131.6,4.3,1,FALSK
44,11/02/2026 00.00,Bænkpres,86.0,,06/02/2026 00.00,91.0,-5.0,,91.0,91.0,-2.9,-1,FALSK
45,11/02/2026 00.00,Dødløft,,,06/02/2026 00.00,152.0,,,133.3,142.7,,,
46,13/02/2026 00.00,Squat,141.8,,11/02/2026 00.00,143.0,-1.2,,126.7,134.8,,,FALSK
47,13/02/2026 00.00,Bænkpres,88.8,,11/02/2026 00.00,86.0,2.8,,91.0,88.5,3.1,1,FALSK
48,13/02/2026 00.00,Dødløft,162.0,,11/02/2026 00.00,152.0,10.0,,152.0,152.0,5.5,1,FALSK
49,18/02/2026 00.00,Squat,140.0,,13/02/2026 00.00,141.8,-1.8,,143.0,142.4,4.2,1,FALSK
50,18/02/2026 00.00,Bænkpres,91.8,,13/02/2026 00.00,88.8,3.0,,86.0,87.4,0.6,0,SAND
51,18/02/2026 00.00,Dødløft,,,13/02/2026 00.00,162.0,,,152.0,157.0,,,
52,20/02/2026 00.00,Squat,143.0,,18/02/2026 00.00,140.0,3.0,,141.8,140.9,,,FALSK
53,20/02/2026 00.00,Bænkpres,90.0,,18/02/2026 00.00,91.8,-1.8,,88.8,90.3,0.7,0,FALSK
54,20/02/2026 00.00,Dødløft,154.0,,18/02/2026 00.00,162.0,-8.0,,162.0,162.0,,,FALSK
55,25/02/2026 00.00,Squat,145.8,,20/02/2026 00.00,143.0,2.8,,140.0,141.5,,,SAND
56,25/02/2026 00.00,Bænkpres,88.0,,20/02/2026 00.00,90.0,-2.0,,91.8,90.9,2.1,1,FALSK
57,25/02/2026 00.00,Dødløft,,,20/02/2026 00.00,154.0,,,162.0,158.0,3.8,1,
58,27/02/2026 00.00,Squat,,,25/02/2026 00.00,145.8,,,143.0,144.4,,,
59,27/02/2026 00.00,Bænkpres,92.1,,25/02/2026 00.00,88.0,4.1,,90.0,89.0,3.4,1,SAND
60,27/02/2026 00.00,Dødløft,159.5,,25/02/2026 00.00,154.0,5.5,,154.0,154.0,,,FALSK
61,4/3/2026,Squat,150.0,,27/02/2026 00.00,145.8,4.2,PR,145.8,145.8,,,SAND
62,4/3/2026,Bænkpres,90.7,,27/02/2026 00.00,92.1,-1.5,,88.0,90.1,0.0,0,FALSK
63,4/3/2026,Dødløft,,,27/02/2026 00.00,159.5,,,154.0,156.8,1.0,0,
64,6/3/2026,Squat,,,04/03/2026 00.00,150.0,,,145.8,147.9,-30.0,-1,
65,6/3/2026,Bænkpres,92.1,,04/03/2026 00.00,90.7,1.5,,92.1,91.4,-2.1,-1,FALSK
66,6/3/2026,Dødløft,,,04/03/2026 00.00,159.5,,,159.5,159.5,,,
67,13/3/2026,Squat,,,06/03/2026 00.00,150.0,,,150.0,150.0,,,
68,13/3/2026,Bænkpres,93.5,,06/03/2026 00.00,92.1,1.4,,90.7,91.4,2.1,1,SAND
69,13/3/2026,Dødløft,163.3,,06/03/2026 00.00,159.5,3.8,,159.5,159.5,-7.0,-1,FALSK
70,18/3/2026,Squat,,,13/03/2026 00.00,150.0,,,150.0,150.0,,,
71,18/3/2026,Bænkpres,96.3,,13/03/2026 00.00,93.5,2.8,,92.1,92.8,1.4,1,SAND
72,18/3/2026,Dødløft,,,13/03/2026 00.00,163.3,,,159.5,161.4,8.3,1,
73,20/3/2026,Squat,,,18/03/2026 00.00,150.0,,,150.0,150.0,0.3,0,
74,20/3/2026,Bænkpres,94.9,,18/03/2026 00.00,96.3,-1.3,,93.5,94.9,-5.7,-1,FALSK
75,20/3/2026,Dødløft,164.3,,18/03/2026 00.00,163.3,1.0,,163.3,163.3,,,FALSK
76,25/3/2026,Squat,120.0,,20/03/2026 00.00,150.0,-30.0,,150.0,150.0,0.2,0,FALSK
77,25/3/2026,Bænkpres,93.5,,20/03/2026 00.00,94.9,-1.4,,96.3,95.6,,,FALSK
78,25/3/2026,Dødløft,,,20/03/2026 00.00,164.3,,,163.3,163.8,,,
79,27/3/2026,Squat,,,25/03/2026 00.00,120.0,,,150.0,135.0,2.7,1,
80,27/3/2026,Bænkpres,96.3,,25/03/2026 00.00,93.5,2.8,,94.9,94.2,0.0,0,SAND
81,27/3/2026,Dødløft,157.3,,25/03/2026 00.00,164.3,-7.0,,164.3,164.3,,,FALSK
82,3/4/2026,Squat,,,27/03/2026 00.00,120.0,,,120.0,120.0,,,
83,3/4/2026,Bænkpres,96.3,,27/03/2026 00.00,96.3,0.0,,93.5,94.9,,,FALSK
84,3/4/2026,Dødløft,169.2,,27/03/2026 00.00,157.3,11.8,,164.3,160.8,-15.2,-1,FALSK
85,8/4/2026,Squat,120.3,,03/04/2026 00.00,120.0,0.3,,120.0,120.0,0.0,0,FALSK
86,8/4/2026,Bænkpres,90.7,,03/04/2026 00.00,96.3,-5.7,,96.3,96.3,,,FALSK
87,8/4/2026,Dødløft,,,03/04/2026 00.00,169.2,,,157.3,163.3,,,
88,24/4/2026,Squat,120.3,,08/04/2026 00.00,120.3,0.0,,120.0,120.2,3.0,1,FALSK
89,24/4/2026,Bænkpres,,,08/04/2026 00.00,90.7,,,96.3,93.5,-8.3,-1,
90,24/4/2026,Dødløft,,,08/04/2026 00.00,169.2,,,169.2,169.2,-1.0,0,
91,29/4/2026,Squat,123.0,,24/04/2026 00.00,120.3,2.7,,120.3,120.3,,,FALSK
92,29/4/2026,Bænkpres,90.7,,24/04/2026 00.00,90.7,0.0,,90.7,90.7,-1.9,-1,FALSK
93,29/4/2026,Dødløft,,,24/04/2026 00.00,169.2,,,169.2,169.2,6.5,1,
94,1/5/2026,Squat,,,29/04/2026 00.00,123.0,,,120.3,121.7,6.0,1,
95,1/5/2026,Bænkpres,,,29/04/2026 00.00,90.7,,,90.7,90.7,7.5,1,
96,1/5/2026,Dødløft,154.0,,29/04/2026 00.00,169.2,-15.2,,169.2,169.2,11.5,1,FALSK
97,6/5/2026,Squat,123.0,,01/05/2026 00.00,123.0,0.0,,123.0,123.0,1.3,1,FALSK
98,6/5/2026,Bænkpres,,,01/05/2026 00.00,90.7,,,90.7,90.7,2.9,1,
99,6/5/2026,Dødløft,,,01/05/2026 00.00,154.0,,,169.2,161.6,,,
100,8/5/2026,Squat,126.0,,06/05/2026 00.00,123.0,3.0,,123.0,123.0,,,FALSK
101,8/5/2026,Bænkpres,82.3,,06/05/2026 00.00,90.7,-8.3,,90.7,90.7,2.7,1,FALSK
102,8/5/2026,Dødløft,153.0,,06/05/2026 00.00,154.0,-1.0,,154.0,154.0,,,FALSK
103,13/5/2026,Squat,,,08/05/2026 00.00,126.0,,,123.0,124.5,,,
104,13/5/2026,Bænkpres,84.6,,08/05/2026 00.00,82.3,2.3,,90.7,86.5,-1.1,-1,FALSK
105,13/5/2026,Dødløft,160.0,,08/05/2026 00.00,153.0,7.0,,154.0,153.5,-5.5,-1,FALSK
106,15/5/2026,Squat,132.0,,13/05/2026 00.00,126.0,6.0,,126.0,126.0,,,FALSK
107,15/5/2026,Bænkpres,91.0,,13/05/2026 00.00,84.6,6.4,,82.3,83.5,-1.6,-1,FALSK
108,15/5/2026,Dødløft,168.0,,13/05/2026 00.00,160.0,8.0,,153.0,156.5,-11.1,-1,FALSK
109,20/5/2026,Squat,130.3,,15/05/2026 00.00,132.0,-1.7,,126.0,129.0,-2.6,-1,FALSK
110,20/5/2026,Bænkpres,90.7,,15/05/2026 00.00,91.0,-0.3,,84.6,87.8,0.2,0,FALSK
111,20/5/2026,Dødløft,,,15/05/2026 00.00,168.0,,,160.0,164.0,,,
112,24/5/2026,Squat,,,20/05/2026 00.00,130.3,,,132.0,131.2,,,
113,24/5/2026,Bænkpres,93.5,,20/05/2026 00.00,90.7,2.8,,91.0,90.8,-0.2,0,FALSK
114,24/5/2026,Dødløft,,,20/05/2026 00.00,168.0,,,168.0,168.0,0.0,0,
115,27/5/2026,Squat,,,24/05/2026 00.00,130.3,,,130.3,130.3,9.1,1,
116,27/5/2026,Bænkpres,91.0,,24/05/2026 00.00,93.5,-2.5,,90.7,92.1,1.4,1,FALSK
117,27/5/2026,Dødløft,162.5,,24/05/2026 00.00,168.0,-5.5,,168.0,168.0,,,FALSK
118,3/6/2026,Squat,,,27/05/2026 00.00,130.3,,,130.3,130.3,,,
119,3/6/2026,Bænkpres,90.7,,27/05/2026 00.00,91.0,-0.3,,93.5,92.3,-0.7,0,FALSK
120,3/6/2026,Dødløft,154.2,,27/05/2026 00.00,162.5,-8.3,,168.0,165.3,3.1,1,FALSK
121,7/6/2026,Squat,127.8,,03/06/2026 00.00,130.3,-2.6,,130.3,130.3,5.0,1,FALSK
122,7/6/2026,Bænkpres,91.0,,03/06/2026 00.00,90.7,0.3,,91.0,90.8,6.5,1,FALSK
123,7/6/2026,Dødløft,,,03/06/2026 00.00,154.2,,,162.5,158.3,,,
124,10/6/2026,Squat,,,07/06/2026 00.00,127.8,,,130.3,129.0,,,
125,10/6/2026,Bænkpres,90.7,,07/06/2026 00.00,91.0,-0.3,,90.7,90.8,-0.9,0,FALSK
126,10/6/2026,Dødløft,154.2,,07/06/2026 00.00,154.2,0.0,,154.2,154.2,3.1,1,FALSK
127,14/6/2026,Squat,136.9,,10/06/2026 00.00,127.8,9.1,,127.8,127.8,3.1,1,FALSK
128,14/6/2026,Bænkpres,92.3,,10/06/2026 00.00,90.7,1.6,,91.0,90.8,-1.5,-1,FALSK
129,14/6/2026,Dødløft,,,10/06/2026 00.00,154.2,,,154.2,154.2,,,
130,17/6/2026,Squat,,,14/06/2026 00.00,136.9,,,127.8,132.3,,,
131,17/6/2026,Bænkpres,90.8,,14/06/2026 00.00,92.3,-1.5,,90.7,91.5,,,FALSK
132,17/6/2026,Dødløft,157.3,,14/06/2026 00.00,154.2,3.1,,154.2,154.2,-2.8,-1,FALSK
133,21/6/2026,Squat,141.8,,17/06/2026 00.00,136.9,5.0,,136.9,136.9,,,FALSK
134,21/6/2026,Bænkpres,98.0,,17/06/2026 00.00,90.8,7.3,PR,92.3,91.5,-0.9,0,SAND
135,21/6/2026,Dødløft,,,17/06/2026 00.00,157.3,,,154.2,155.7,,,
136,24/6/2026,Squat,,,21/06/2026 00.00,141.8,,,136.9,139.4,3.1,1,
137,24/6/2026,Bænkpres,93.5,,21/06/2026 00.00,98.0,-4.5,,90.8,94.4,1.2,1,FALSK
138,24/6/2026,Dødløft,160.3,,21/06/2026 00.00,157.3,3.1,,157.3,157.3,,,FALSK
139,27/6/2026,Squat,144.9,,24/06/2026 00.00,141.8,3.1,,141.8,141.8,,,FALSK
140,27/6/2026,Bænkpres,94.3,,24/06/2026 00.00,93.5,0.8,,98.0,95.8,-0.7,0,FALSK
141,27/6/2026,Dødløft,,,24/06/2026 00.00,160.3,,,157.3,158.8,,,
142,1/7/2026,Squat,,,27/06/2026 00.00,144.9,,,141.8,143.4,,,
143,1/7/2026,Bænkpres,,,27/06/2026 00.00,94.3,,,93.5,93.9,2.0,1,
144,1/7/2026,Dødløft,157.5,,27/06/2026 00.00,160.3,-2.8,,160.3,160.3,,,FALSK
145,8/7/2026,Squat,,,01/07/2026 00.00,144.9,,,144.9,144.9,,,
146,8/7/2026,Bænkpres,93.3,,01/07/2026 00.00,94.3,-0.9,,94.3,94.3,0.8,0,FALSK
147,8/7/2026,Dødløft,,,01/07/2026 00.00,157.5,,,160.3,158.9,,,
148,11/7/2026,Squat,148.0,,08/07/2026 00.00,144.9,3.1,,144.9,144.9,,,FALSK
149,11/7/2026,Bænkpres,95.0,,08/07/2026 00.00,93.3,1.7,,94.3,93.8,,,FALSK
150,11/7/2026,Dødløft,,,08/07/2026 00.00,157.5,,,157.5,157.5,,,
151,23/7/2026,Squat,,,11/07/2026 00.00,148.0,,,144.9,146.5,,,
152,23/7/2026,Bænkpres,93.5,,11/07/2026 00.00,95.0,-1.5,,93.3,94.2,,,FALSK
153,23/7/2026,Dødløft,,,11/07/2026 00.00,157.5,,,157.5,157.5,,,
154,26/7/2026,Squat,,,23/07/2026 00.00,148.0,,,148.0,148.0,,,
155,26/7/2026,Bænkpres,96.3,,23/07/2026 00.00,93.5,2.8,,95.0,94.3,,,FALSK
156,26/7/2026,Dødløft,,,23/07/2026 00.00,157.5,,,157.5,157.5,,,
157,5/8/2026,Squat,,,26/07/2026 00.00,148.0,,,148.0,148.0,,,
158,5/8/2026,Bænkpres,95.7,,26/07/2026 00.00,96.3,-0.6,,93.5,94.9,,,FALSK
159,5/8/2026,Dødløft,,,26/07/2026 00.00,157.5,,,157.5,157.5,,,
160,9/8/2026,Squat,,,05/08/2026 00.00,148.0,,,148.0,148.0,,,